"STOP_SEQ","ALLOC_NO","STOP_ADDR","STOP_STAFF","STOP_TEL","STOP_TYPE"
625,A1022504151620505,인천광역시 서구 보듬5로 10 (오류동1626-6),"","",A
624,A1022504150226280,경기도 고양시 일산동구 장진천길 30-89 (설문동149-10)윈윈몬스터,"","",A
622,A1022504150842443,경기도 파주시 탄현면 소리개길 214-50(법흥리32-4),"","",A
620,A1022504120050953,충청북도 청주시 흥덕구 오송읍 오송동평길 68(동평리100-1)대원플라스틱,윤영훈과장,"",A
619,A1072504141323075,(2):에스피엔씨:경기 안성시 서운면 제4산단2로 92,"","",A
618,A622504141309047,중앙파이프-경기도 구리시 동구릉로 184,"","",D
617,A6712504140815702,"2.서진타일=경기 고양시 일산동구 식사동1079","","",D
616,A6712504111739826,"2.네추럴웨이2공장=포천시 군내면 용정경제로1길 48-60","","",D
615,A622504111337961,신우개발-여주시 점동면 안평로77,"","",A
614,A622504111039224,"2.세연스틸=구로구 구로동 614-195","","",D
613,A1022504110119480,경기도 안산시 단원구 번영로 142 (성곡동668-7)미페이스,"","",A
612,A7232504102223422,파주 더 운정 힐스테이트 현장,"","",D
611,A6712504101057726,"2.하남창고=하남시 덕풍동620 ","","",D
610,A1022504101847308,김포시통진읍귀전로13-5(귀전리172-5)세림피엔텍,"","",A
609,A622504101121823,"2.삼진레베링=서울 구로구 구일로8길 150","","",D
608,A1022504100945320,충청북도 음성군 대소면 대금로196번길 17-12(대풍리1)코스메카,"","",A
607,A1072504100906113,(2):화성(정남면):경기 화성시 정남면 덕절제기길 13-83,"","",A
606,A1022504100840993,경기도 파주시 문산읍 돈유3로 93(선유리1373-12)케이티솔루션2공장,"","",A
605,A1022504100820935,경기도 이천시 부발읍 중부대로1997번길 46(고백리327-2)푸드올마켓,"","",A
604,A1022504100820935,경기도 광주시 초월읍 산수로 503/케이코리아,"","",A
603,A1022504100058824,경기도 고양시 일산서구 덕산로244번길 53 (덕이동1288-3),"","",D
602,A622504091007566,"2.삼진레베링=구로구 구일로8길150","","",D
601,A7162504091138063,천안 불당 34길 3-10 ,"","",D
600,A1022504091045784,경기도 안성시 고삼면 군내길 22-65,"","",A
599,A1022504091045784,인천광역시 남동구 청능대로 345 (고잔동644-14)제이엠씨,박경준대리,"",D
598,A1022504090915360,인천광역시 남동구 호구포로 562-13 (남촌동23)맑은샘유기농,"","",A
597,A622504080928664,대영수중펌프:경기 화성시 마도면 마도로 421-8,"","",D
596,A7162504071626645,논현로18길 10-12,"","",D
595,A6712504071624627,"2.네추럴웨이2공장=포천시 군내면 용정경제로1길 48-60","","",D
594,A1022504070251095,충청북도 음성군 대소면 산내로 104(내산리21)호연,"","",A
593,A7232504042355544,경광주 중대동,"","",D
592,A7232504042222483,파주 더 운정(파주 현장),"","",A
591,A6712504041752437,"2.부천시 원미구 옥산로226(도당동161-3)","","",D
590,A622504041508910,지솔루션테크-인천 계양구 서운산업로 41번길 15,최종인이사님,"",A
589,A6712504041007768,"2.부국철강=광주 광산구 하남산단9번로 90(안청동)",이대로 대리님,"",D
588,A622504040927537,"2.세하=다산동","","",D
587,A1022504020923231,경기도 하남시 초일로 105 (초일동200)제일훼밀리,"","",A
586,A1022504031801752,충청북도 청주시 청원구 충청대로 13 (내덕동172-115),"","",A
585,A6712504031732705,"2.남양주시 석실로 587번지","","",D
584,A622504031437864,"2.한국방화문=경기 파주시 법원읍 자운서원로 307-62=031-942-0823","","",D
583,A622504031137931,인천시 남동구 능허대로 577번길 158 1층 좌측,"","",D
582,A622504030925318,동원창호=경기도 안성시 대덕면 소내리110번지/031-859-2345,"","",D
581,A6712504021718512,"2.대광케미칼=대구 서구 이현동42-226","","",D
580,A622504021433634,"2)경남 창원시 진해구 청안로 36-3 삼정 글로텍 /055-715-8967","","",A
579,A6712504011705404,"2.부국철강=광주 광산구 하남산단9번로90(안청동)","","",D
578,A1072504010936365,"(2)아팩:경기도 안산시 단원구 만해로230번길 18,1층(성곡동,반월공단604블럭 14호)","","",A
577,A1022504010918256,오산시가장산업서북로40-26(가장동387-4)이지코스,"","",A
576,A1022504010159794,경기도 평택시 비전1로 4 (비전동796) 평택진우아파트,"","",A
575,A1022503311132355,인천광역시 서구 이든1로 21 (오류동1633-11)비앤비코리아2공장,"","",A
573,A1022503310222113,경기도 시흥시 엠티브이25로20번길 3 (정왕동2662-9)신화콘텍,"","",A
572,A1022503261645013,경기도 시흥시 박달로 14 (논곡동96)경산세라믹,"","",A
571,A6712503261512717,"2.대광케미칼=대구 서구 이현동42-226","","",D
569,A6712503250931013,"2.미래하우징/남양주시 이패동 560-8","","",D
568,A1022503250842708,용인시 기흥구 탑실로35번길20 (공세동704-7)선인,"","",A
567,A1022503211022718,부산광역시 해운대구 센텀동로 6 (우동1499)홈플러스부산해운점,"","",A
566,A1022503240753819,전북특별자치도 익산시 왕궁면 푸드폴리스로 133(광암리1452)그대로말린,박진영,"",A
565,A1022503222321601,경기도 파주시 월롱면 통일로644번길 57(영태리383-26)조민,"","",D
564,A1022503190944893,경기도 남양주시 화도읍 폭포로242번안길 20-11(장현리169-16)솜씨협동조합,"","",A
563,A6712503221048410,"2.미래하우징=남양주시 경강로164-56","","",D
562,A1022503212156259,전북특별자치도 전주시 완산구 노송여울2길 46 (서노송동627-1),"","",A
561,A1072503211647994,(2):삼진기공:전북 익산시 인화동1가135-12 (담당):임석현사장:010-9477-2828,"","",D
560,A6712503211423583,"2.노창산업=양주시 평화로1677번길26-22","","",D
559,A1072503211226144,(2):동양강철:용인시 처인구 중부대로 1576번길 35 (마평동511-3)/(담당)정명춘사장님010-5272-5948,"","",D
558,A1072503210918489,(2)대성이화:경기도 화성시 양감면 송산리 258-10,"","",A
556,A1022503131030356,경기도 김포시 통진읍 귀전로 13-5(귀전리172-5)세림피엔텍,"","",A
555,A1072503200930194,(2)진흥:경기 양주시 은현면 그루고개로384번길 159(캔17개하차),"","",A
554,A5892503200859022,부산광역시 강서구 대저중앙로46,"","",D
553,A1022503200018868,경기도 김포시 양촌읍 학운산단1로 64-30(학운리3373)그린코스,"","",A
552,A6712503191501103,"2.디에이치/남양주시 수동면 지둔로 76","","",A
551,A1022503190037513,군포시번영로82(부곡동1231),"","",A
550,A6712503181753437,"2.인천 중구 공항동로 296번길 98-114 공항물류단지내 B1블럭 D214호","","",A
549,A6712503181613070,"2.미원상사 전주2공장/완주군 봉동읍 둔산리942-1 /당착 오후1시~오후2시(시간엄수)",박은지님,"",A
548,A1072503181003536,(2):태화:경기 화성시 양감면 은행나무로 170번길 70,"","",A
547,A1072503171014326,(2):삼화페인트:경기 안산시 단원구 별망로 178(성곡동),"","",A
546,A5892503110813560,군포 대야미,"","",D
545,A5532503150022346,인천 고잔동 서울화장품,"","",D
544,A1022503141522773,경기도 파주시 검산로173번길 87 (검산동472-10)월드포장,"","",D
543,A1022503141116958,인천광역시 남동구 남동대로 405 (남촌동614)콜마스크,"","",A
542,A1022503141116958,인천광역시 남동구 남동서로270번길 16 (논현동429-16)알티에스,"","",A
541,A1022503131527408,경기도 남양주시 화도읍 재재기로 26-31(차산리193-3)푸드올마켓,"","",A
540,A1022503131527408,경기도 남양주시 오남읍 양지로281번길 96-209(양지리543-69)네이처,"","",A
539,A1022503130049793,전라남도 담양군 담양읍 에코산단6로 7(삼만리1266)올밀크,"","",A
538,A5532503130027788,화성 마도면,"","",D
537,A6712503121746709,"2.주원산업=완주군 봉동읍 완주산단2로257-24","","",A
536,A1022503120945950,인천광역시 중구 축항대로296번길 56-41 (신흥동3가42-85)아쿠아씨푸드,"","",A
535,A6712503101849305,"2.더블유엘코리아=인천 중구 공항동로 296번길 98-114, 자유무역지역 B-1블럭 D202호",김덕환이사님/박진희대리님,"",A
534,A1072503101315247,(2):남동공장:인천 남동구 고잔동 664-21,"","",A
532,A1022503100858224,인천광역시 남동구 남동동로33번길 28-17 (고잔동716-3)한신단자,"","",A
531,A5532503071607130,안성 미양면,"","",D
530,A6712503071405638,"2.경기 하남시 검단산로 46-10(하산곡동)","","",D
529,A1022503060227773,경기도 용인시 처인구 백암면 박곡로216번길 20-62(박곡리5-2)상촌식품,"","",A
528,A1022503050907734,경기도 평택시 진위면 동부대로 56(가곡리126-1) 고려포장,"","",A
527,A1022503050128542,경기도 군포시 공단로140번길 7 (당정동1085)씨앤에프1공장,"","",A
525,A1022503020246938,경기도 화성시 향남읍 상신로 292(상신리442-1)엠아이에프,주명일,"",A
524,A1022502260923908,용인시 기흥구 탑실로35번길20 (공세동704-7)선인,"","",A
523,A1022502251600158,충청남도 금산군 금성면 어필각로 343(하신리72-1)농업회사법인 비센바이오(주),"","",A
522,A6712502251116224,"2.코오롱=구미시 수출대로48(공단동)","","",A
521,A6712502241732445,"2.경북 경주시 내남면 내외로 1078-16 ",김덕근 부장님,"",D
520,A6712502201611452,미원상사 전주2공장=완주군 봉동읍 둔산리942-1 ,박은지님,"",A
519,A6712502241426921,"2.명진씨투=양주시 광적면 석우리464-50 / 031-855-2300","","",D
517,A6712502241243547,"2.더골드=하남시 광암동174-1/02-540-3216","","",D
516,A1022502220304371,용인 처인구 원삼면 맹리674-1  010-4313-6752  지피피,"","",A
515,A6712502211353698,당착 오후3시~오후5시(도착하기30분전에 미리통화),"","",A
514,A6712502211319554,"2.정무이앤씨=화성시 화산북로19(송산동)/031-238-8060","","",A
513,A1072502210959150,(2):(주)명신기연:경기 화성시 마도면 청원산단3길163,"","",A
511,A1072502201700639,(2)동두천종합운동장테니스장:경기 동두천시 생연동 80/(담당):정건호(익일오전하차),정건호,"",A
510,A1072502201128583,(2):유니온화성:경기도 부천시 오정로 39번길 27(삼정동):캔1빠렛상차(경유),"","",D
509,A6712502201048472,"2.부국철강=광주 광산구 하남산단9번로90(안청동) /062-950-7727","","",D
508,A6712502201046466,/2.인터우드=인천 서구 북항로76-44(원창동),"","",D
507,A6712502201006354,"2.대주켐테크=대구 달서구 성서공단로25길62/010-3802-2236","","",A
506,A1072502200901164,(2):알이랑: 경기도 평택시 팽성읍 팽성북로 97,"","",A
505,A6712502191427246,"2.대연인터내셔널=아산시 음봉면 월암로306/070-7015-1333","","",D
504,A6712502181336112,"2.원일화학=대구 서구 장산로226(중리동)/010-2501-5020","","",A
503,A6712502181335099,"2.영원교역=화성시 남양읍 주석로325번길9/031-356-6364","","",D
502,A6712502181305942,"2.서진타일 경유","","",D
501,A6712502181010410,"2.도어리안=인천 서구 원창동 391-100/032-888-8700/오후6시이전","","",D
500,A1022502180102030,충청남도 논산시 강경읍 잣디길 54-11(채산리230-7)대운식품,"","",A
499,A1022502180013021,경기도 하남시 조정대로 45 (풍산동493)미사센텀비즈  F718GH  아이케이지,"","",A
498,A6712502171415032,"2.대광화학=대구 서구 이현동42-226","","",D
497,A6712502171349879,"2.코오롱=구미시 수출대로48(공단동)","","",A
496,A6712502171343844,중구 장춘단로 275(두산타워빌딩 지하4층(현대면세점 토산하역장),"","",D
495,A6712502171330774,"2.네추럴웨이2공장=포천시 군내면 용정경제로1길 48-60","","",D
494,A6712502171322752,오전7시15분(1~2시간전에 미리입차),"","",D
493,A6712502171022071,"2.인천(새롬판넬)=인천 서구 원당대로 245-6=032-566-8686=오후5시30분 이전","","",D
492,A1022502160914587,전북특별자치도 고창군 부안면 복분자로 434-36(용산리840)참바다영어조합,"","",A
491,A6712502152110539,"2.엑스플로어=대구 서구 염색공단천로 61/오전10시","","",D
490,A6712502141617213,"2.법인= 부천시 원미구 옥산로226(도당동161-3)","","",D
489,A6712502141458990,"2.코오롱=구미시 수출대로48(공단동)","","",D
488,A6712502141454980,"2.서진타일=고양시 일산동구 식사동1079","","",D
487,A6712502141448953,"2.도어리안=인천 서구 원창동 391-100/032-888-8700/오후5시30분이전","","",D
486,A6712502141122502,"2.경기도 고양시 덕양구 오금로 193(오금동) ,501동2호","","",D
485,A1022502132011937,경기도 화성시 마도면 마도공단로6길 46-16(쌍송리683-8)본하이텍,김정길,"",A
484,A6712502131455485,"2.새롬판넬=인천 서구 원당대로245-6/032-566-8686/","","",D
483,A6712502131433364,"2.대광화학=대구 서구 이현동42-226","","",D
482,A6712502131405260,"2.아진금속=시흥시 정왕동 1266-3","","",D
481,A6712502131307077,"2.코토세라믹=인천 서구 정서진6로15","","",D
480,A6712502131254046,"2.네추럴웨이2공장=포천시 군내면 용정경제로1길 48-60 / 010-7118-0863","","",D
479,A1022502121725261,인천광역시 남동구 남동서로143번길 34 (고잔동680-8)씨앤에이치코스메틱,"","",A
478,A1022502110831603,경기도 파주시 산남로 73 (산남동299-1)삼봉,"","",A
477,A6712502121243543,"2.코오롱=구미시 수출대로48(공단동)","","",A
476,A6712502121054381,"2.도어리안=인천 서구 원창동 391-100=032-888-8700/오후4시~오후5시","","",D
475,A6712502121019276,"2.목우에이치텍=광주 광산구 오선동546-7","","",D
474,A6712502121013267,"2.대광화학=대구 서구 이현동42-226/010-6630-4527","","",A
473,A6712502121001239,"2.동양창고=부산 사상구 학장동275-15","","",A
472,A6712502111420413,"2.원일화학=대구 서구 장산로226(중리동)/010-2501-5020","","",A
471,A6712502111351306,낼착/2.수원시 팔달구 덕영대로 924(매산로1가)/010-5248-5478,"","",A
470,A6712502111010842,"2.대광화학=대구 서구 이현동42-226 / 010-6670-4527","","",A
469,A1072502110947806,(2)에스제이산업:경기 김포시 하성면 귀전로 154번길 123(오전11시하차),"","",A
468,A1072502110945796,(2)서연에코:충북 진천군 문백면 농다리로 128(오후1시하차),"","",A
467,A1072502110941786,(2)현성하이텍:경기 평택시 서탄면 서탄2로 124번지,"","",A
466,A1022502110208541,경기도 성남시 중원구 사기막골로 124 (상대원동190-1)테크노파크비즈센타1201호,"","",A
464,A6712502101320718,"2.부국철강=광주 광산구 하남산단9번로90/062-950-7727","","",D
463,A6712502101253636,"2.새롬판넬=인천 서구 원당대로245-6(오류동)/032-566-8686","","",D
462,A1022502092325863,경기도 화성시 향남읍 만년로 20-8(수직리274-3)스킨맨션,"","",A
461,A1022502091737682,경기도 파주시 탄현면 소리개길 214-50(법흥리32-4),"","",A
460,A6712502071438959,"2.계림타일=경기 김포시 고촌읍 장곡로 58=031-986-3125","","",D
459,A6712502071342824,"2.화성 장안면 석포리","","",A
458,A1022502070106256,경기도 안성시 미양면 제2공단2길 67(계륵리267-1),"","",A
457,A6712502061058212,"2.인천 동구 송현동=128-9","","",A
456,A6712502061038162,"2.대연인터내셔널=아산시 음봉면 월암로306 /070-7015-1333","","",D
454,A6712502051828867,"2.네추럴웨이2공장=포천시 군내면 용정경제로1길 48-60","","",A
453,A6712502051449407,"3.경기 고양일산동구 장항동 1784(힐스테이트킨텍스레이크뷰 상가동 302호)","","",D
452,A6712502051449407,"2.경기 고양시 덕양구 원흥동 638(SIB타워1106호)","","",D
451,A6712502051046956,"2.부산(부산고등검찰청)=부산시 연제구 법원로 15=010-6525-2446","","",A
450,A6712502051014843,"3.경기 여주시 현암로21-11=010-4163-5369(현암동)","","",A
449,A6712502051014843,"2.성남시 수정구 산성대로 451=010-2324-1059(단대동)","","",A
447,A1022502050202546,전남 담양군 담양읍 에코길27-9(삼만리1029-4)선인,"","",A
446,A1022502041035582,경기도 평택시 청북읍 청북중앙로 443(고잔리631-16)더팩,"","",A
445,A1022502040003227,경기도 파주시 탄현면 검산로 347(축현리69-1)제뉴인커피,문형민대표,"",A
444,A6712502031403841,"2.대연인터내셔널=아산시 음봉면 월암로306","","",D
443,A6712502031059531,"2.이솔푸르미=경기 김포시 대곶면 대곶남로 401번길 111-5, 가동/010-9272-4945","","",A
442,A1022502030115932,경기도 고양시 일산서구 장자길 101 (덕이동756-5)지마루,"","",A
441,A1022502022205899,대구광역시 달서구 장산남로 30 (용산동230)대구지방법원서부지원,"","",A
439,A1022502021944879,대구광역시 중구 남산로8길 40 (남산동2114-12)칼라원,"","",A
438,A6902501311714558,대전공판장 ,"","",D
436,A1022501310315826,서울특별시 서초구 바우뫼로 91 (양재동154-2) 우성아파트106동902호,안기환,"",A
435,A1022501310134811,경기도 부천시 오정구 오정로 20-14 (삼정동34-37),"","",A
434,A1022501300327575,경기도 김포시 하성면 석평로 102(석탄리626-9) 영남2물류,"","",D
433,A1022501300014552,경기도 고양시 일산서구 덕산로244번길 53 (덕이동1288-3)대성패키지,"","",A
432,A1022501250958211,경기도 김포시 대곶면 율마로172번길 64(거물대리197-1)현우포장,"","",A
431,A1022501250056162,서울특별시 영등포구 경인로82길 3-4 (문래동1가39)센터플러스,"","",A
430,A6712501241539926,"2.수원(고등검찰청)=경기 수원시 영통구 법조로 91=010-2324-1059","","",D
429,A6712501241108112,"2.수원시 장안구 이목로 39 천주교 수원교구","","",D
428,A6712501231831643,"2.네추럴웨이2공장=포천시 군내면 용정경제로1길 48-60/최진호대리님","","",D
427,A6712501231620367,대구 수성구 동대구로366(범어동)/이상학대리님/010-2450-8801,"","",D
426,A6712501231521169,"2.동양창고=부산시 사상구 학장동 275-15/051-315-4765","","",D
425,A1022501220103618,대구광역시 북구 검단로31길 33-9 (검단동838-122)나라인쇄,"","",A
424,A6712501211540100,"2.도어리안=인천 서구 원창동391-100/032-888-8700","","",D
422,A6712501171538318,"2.중구 장충단로101","","",A
421,A6712501171457181,"2.일호기업/인천 서구 누리1로 30/010-3025-6983","","",A
420,A6712501161126195,"2.정상=양주시 남면 감악산로215번길 211-79(구암리)","","",D
419,A1022501160141699,경기도 용인시 기흥구 서천동로 22 (서천동801) 힐스테이트서천511동1601호,홍영주,"",A
418,A1022501152314677,경기도 안산시 단원구 번영로 142 (성곡동668-7),"","",A
417,A1072501151319723,(2)세한텍스타일: 경기도 포천시 가산면 정금로 153번길 57,"","",A
416,A6712501151123577,"2.금호상사=경기 시흥시 정왕동 1699-9","","",D
415,A6712501150919321,"2.경기도 남양주시 진접읍 금강로영지동2길 13","","",D
414,A6712501141557855,"2.중앙보훈병원=서울 강동구 둔촌동 6-2","","",A
413,A6712501141523761,"2.KNP이노텍=광주 광산구 평동산단로152 /010-8397-7312","","",D
412,A6712501141403554,"2.남경유화=대구 서구 상리동31-4(또는 부강케미칼)","","",D
411,A1022501140126707,경기도 성남시 중원구 둔촌대로457번길 13 (상대원동305)샤니,"","",A
410,A1022501140126707,경기도 성남시 중원구 사기막골로31번길 18 (상대원동149-3)파리크라상,"","",A
409,A1022501130021234,안산시 단원구 장자골로67(성곡동603-1)  신안포장공업2공장,"","",A
408,A1022501130010232,경기도 이천시 부발읍 중부대로1997번길 46(고백리327-2)푸드올마켓,"","",A
407,A1022501130000231,경기도 평택시 청북읍 청북중앙로 443(고잔리631-16) 더팩,"","",A
406,A1022501122255215,대구광역시 중구 남산로8길 40 (남산동2114-12)칼라원,"","",A
405,A6712501100941911,"2.도어리안=인천 서구 원창동 391-100","","",D
404,A6712501091557367,"2.대광케미칼=대구 서구 이현동42-226","","",A
403,A6712501091557367,"2.대진창고=양산시 상북면 소토리519/055-387-4922","","",D
402,A6712501071600880,"2.목우에이치텍=광주 광산구 오선동 546-7","","",D
401,A6712501061614682,오전중/2.경성산업개발=양주시 남면 입암리 408-5=010-2788-6482,"","",D
400,A1022501060310412,충청북도 음성군 대소면 대금로105번길 92-27(오류리552-14),"","",A
399,A1022501060152388,서울특별시 송파구 송이로 88 (가락동70-20) 가락대림아파트2동310호,서성찬,"",A
398,A1022501060015368,경기도 김포시 통진읍 귀전로 13-5(귀전리172-5)세림피엔텍,"","",A
397,A1022501052047349,경기도 수원시 영통구 덕영대로 1462-14 (망포동728)힐스테이트 영통113동2304호,"","",A
396,A1022501052018346,경기도 안산시 단원구 산단로 169 (원시동726-3)한국몰렉스,"","",A
395,A6712501031643942,"2.법인공장=부천시 원미구 옥산로226(도당동161-3)/오후3시","","",D
394,A1022501031508615,인천광역시 서구 청라커낼로288번길 26 (청라동157-10)현대썬앤벨더텔스,"","",A
393,A6712501021703438,"2.대광화학=대구 서구 이현동42-226/010-6670-4527","","",A
392,A6712501021424087,"2.새롬판넬=인천 서구 원당대로 245-6","","",D
391,A1072501021045728,(2)(주)SNOGEN:충남 천안시 동남구 광덕면 세종로 4162(32드럼),"","",A
390,A1022501020240253,인천광역시 중구 축항대로296번길 56-41 (신흥동3가42-85)아쿠아씨푸드,"","",A
389,A1022501020211242,경기도 하남시 미사강변서로 25 (풍산동489)어썸퓨어,"","",A
388,A1022501020200241,경기도 고양시 일산동구 성현로268번길 34 (성석동450-9)교하식품,"","",A
387,A1022501011917175,경상북도 고령군 다산면 새나정길 3(나정리154-1)웰빙식품전문기업,"","",A
386,A6712412311935062,"오전9시30분/2.고양(경기도 고양시 덕양구 삼송로 240,스칸센 202동 지하)","","",D
385,A6712412311917043,"3.한양분체도장=인천 서구 도담로38/032-566-0988","","",D
384,A6712412311917043,"2.새롬판넬=인천 서구 원당대로 245-6=032-566-8686","","",D
383,A6712412311910037,"2.대진창고=양산시 상북면 소토리519 / 055-387-4922","","",D
382,A6712412311751950,당착/2.인천 계양구 장제로 878(서해아파트 상가 1층),"","",A
381,A6712412311023411,"2.새롬판넬=인천 서구 원당대로245-6/032-566-8686/오후5시30분이전","","",D
380,A6712412310939316,"2.이화산업=대구 서구 염색공단천로8길7(비산동) / 053-352-7314","","",A
379,A6712412310932307,"2.새롬판넬=인천 서구 원당대로245-6(오류동)/032-566-8686","","",D
378,A6712412310832155,"2.부산 진구=낼착 오전12시(시간엄수/이전하차X)","","",A
377,A6712412310742102,"2.미성종합자재=경기 고양시 덕양구 고양대로 1569-1(성사동300)","","",D
376,A1022412310018070,경기도 김포시 하성면 월하로859번길 144(마곡리152-3)티더블유씨,김태훈,"",A
375,A6712412302238061,"2.목우에이치텍=광주 광산구 오선동546-7/062-958-7062","","",D
374,A6712412302149011,"2.새롬판넬=인천 서구 원당대로245-6=032-566-8686","","",D
373,A6712412302101969,"2.대주켐테크=대구 달서구 성서공단로25길62/010-3803-2236","","",A
372,A6712412302057965,"2.정상=양주시 남면 감악산로215번길 211-79(구암리)/031-855-7998","","",D
371,A6712412302045953,"2.금호상사=시흥시 정왕동 1699-9=031-313-7685(오후4시~오후5시)","","",D
370,A6712412301939905,"2.대성=인천 중구 운남동1709-1","","",D
369,A6712412301847876,"2.부국철강=광주 광산구 하남산단9번로90(안청동) /062-950-7727","","",D
368,A6712412301841870,"2.코오롱=구미시 수출대로48(공단동)","","",A
367,A6712412301836869,"2.디에이치케미칼=고령군 다산면 다산산단3길102/054-954-9490","","",A
366,A6712412301822857,"2.도어리안=인천 서구 북항로120번길13-37/오후6시 이전","","",D
365,A6712412301531656,"2.대연인터내셔널=아산시 음봉면 월암로306/070-7015-1333","","",A
364,A6712412301443524,"2.현대시티아울렛=금천구 디지털로10길9/010-6487-7139","","",A
363,A6712412301441518,"2.현대시티아울렛=대구 동구 동대구로454/010-7510-1680","","",A
362,A6712412301055184,"2.안양시 만안구 오리로52번길25-12/010-4622-7575","","",A
361,A1022412282336528,경기도 시흥시 포도원로116번길 11-1 (신천동861-12)담푸른,"","",A
360,A1022412281602497,서울특별시 동작구 흑석한강로 12 (흑석동335) 흑석한강센트레빌107동702호,한신,"",A
359,A1022412272317375,전북특별자치도 군산시 새만금산단1로 3 (오식도동1029),"","",A
358,A1022412271858272,경기도 용인시 기흥구 탑실로35번길 20 (공세동704-7)선인,"","",A
357,A6712412270950666,"2.KNP이노텍=광주 광산구 평동산단로152(월전동)=010-8397-7312","","",D
356,A6712412261751356,"2.대광화학=대구 서구 이현동42-226","","",A
355,A1022412260308293,경기도 하남시 샘재로 31-23 (교산동158)프랜즈푸드,"","",A
354,A1022412251824165,경기도 김포시 대곶면 대곶북로 96(초원지리523-4)화랑팩키지,"","",A
353,A7232412250118087,경기도 시흥시 희망공원로28,엄태진 이사,"",D
352,A6712412241943970,"3.엠브라물류센터=하남시 감일동 186-1=010-5211-5577","","",D
351,A6712412241943970,"2.HQ창고=하남시 상산곡동 374-1=031-796-8101","","",D
350,A6712412241838920,"2.원동판넬=파주시 광탄면 우랑길 170/031-959-1401/오후6시","","",D
349,A6712412241417431,오후4시30분/2.새롬판넬=인천 서구 원당대로 245-6=032-566-8686,"","",D
348,A6712412241120195,"2.구로(신성정밀) 신도림로 11다길 34(신도림동)=010-4252-1033","","",A
347,A1072412231802802,경북 포항시 남구 대송면(경유),"","",A
346,A6712412231541429,"2.에스지세라=인천 서구 원창동 393=032-572-5783","","",D
345,A6712412231201933,"2.목우에이치텍=광주 광산구 오선동546-7/062-958-7062","","",D
344,A6712412231034737,"2.봉민케미칼/경기 시흥시 범안로 311번길 26(계수동)","","",D
343,A6712412230812475,"2.원일화학=대구 서구 장산로226(중리동)/010-2501-5020","","",A
342,A1022412230111417,서울특별시 광진구 용마산로1길 107 (중곡동140-5)힘찬,"","",A
341,A6712412222344388,"2.태진스틸= 안산시 성곡동617 /031-508-6405","","",D
340,A6712412222137279,"2.대광화학=대구 서구 이현동42-226","","",A
339,A6712412222116257,"당착/2.화성시 정남면 내향로360 ,우경축산/010-2456-8442","","",A
338,A6712412222054239,"2.대광화학=대구 서구 이현동42-226","","",A
337,A6712412222015208,"2.비엠비2공장=안산 단원구 성곡동 617=031-508-6405/오후4시이후","","",D
336,A1022412221857121,경기도 파주시 월롱면 통일로644번길 579영태리383-296)조민,"","",A
335,A6712412221442962,"2.새롬판넬=인천 서구 원당대로245-6/032-566-8686/오후5시30분이전","","",D
334,A6712412221200887,당착/2.골든비닐=남양주시 화도읍 재재기로 74번길 97-53=010-8513-0129,"","",A
333,A1022412210113597,경기도 김포시 통진읍 김포대로2462번길 145(옹정리5-1)매직월드,"","",D
332,A1022412210034595,남양주시화도읍재재기로26-31(차산리193-3)푸드올마켓,"","",A
331,A1072412200911819,경기도 부천시 오정로 39번길 27(삼정동),"","",D
330,A6712412192144598,"2.부국철강=광주 광산구 하남산단9번로90(안청동)/062-950-7727","","",D
329,A6712412191704506,"2.서대문구 연희로160(연희동)","","",D
328,A6712412190013323,"2.부국철강=광주 광산구 하남산단9번로90(안청동)/062-950-7727","","",D
327,A6712412181759236,"2.지지엠법인공장=부천시 원미구 옥산로226(도당동161-3)","","",D
326,A6712412171659997,"3.서울 서초구 동작대로 204(서울방배경찰서 5층)","","",A
325,A6712412171659997,"2.서울 서초구 반포대로 179 서울서초경찰서 5층","","",A
321,A6712412171625927,"3.서울 금천구 시흥대로 73길 50 본관1층","","",A
320,A6712412171625927,"2.서울 양천구 목동동로 99(서울양천경찰서 본관 1층)","","",A
319,A6712412171624921,"4.서울 서대문구 충정로 13 삼창빌딩4층","","",D
318,A6712412171624921,"3.서울 마포구 마포대로 183 서울마포경찰서 3층","","",A
317,A6712412171624921,"2.서울 마포구 마포대로4가길33 광역수사단","","",A
316,A6712412171622918,"서울 송파구 중대로 221 ,5층","","",A
315,A6712412171622918,"2.강남구 개포로 617 ,서울 수서경찰서 별관2층","","",A
314,A6712412171621916,"3.서울 중랑구 신내역로 3길 40-10 서울중랑경찰서 1층","","",A
313,A6712412171621916,"2.서울 노원구 노원로 283 서울 노원경찰서 1층","","",A
312,A6712412171431735,"3.세종시 시청대로 190=세종남부경찰서","","",A
311,A6712412171431735,"2.세종시 한누리대로 1978=세종경찰청","","",A
310,A6712412171402658,"2.서울특별시 강서구 방화대로 49길 6-4 유성빌딩 2층=010-3200-9955","","",A
309,A6712412161635001,"3.서울 동대문구 장한로12길 62=010-6228-6850","","",A
308,A6712412161635001,"2.서울 동대문구 악령시로21길 29=010-9148-2964","","",A
307,A6712412161632990,"2.서울 동작구 사당로 310=이수역 지하1층=010-5686-8796","","",A
306,A7232412152126883,경기도 시흥시 희망공원로28,엄태진 이사,"",D
305,A6712412151726850,"2.경기 수원시 장안구 창룡대로223=010-3893-9872","","",A
303,A6712412150041724,"3.경기 군포시 산본로324번길 16=군포경찰서 수사지원팀","","",D
302,A7232412151146761,경기도 시흥시 희망공원로28,엄태진 이사,"",D
300,A6712412150041724,"2.경기 안양시 동안구 동안로 159번길43=안양동안경찰서 형사과","","",A
299,A6712412150039722,"3.경기 안산시 상록구 차돌배기로10=안산 상록경찰서=010-6216-6233","","",A
298,A6712412150039722,"2.경기 안산시 단원구 화랑로 373=안산단원경찰서=010-6397-0500","","",A
296,A6712412150038720,"2.서울 관악구 관악로5길 33=관악경찰서 본관 1층=010-3900-0517","","",A
295,A6712412150037719,"3.서울 성동구 왕십리광장로9=서울성동경찰서=010-6357-9262","","",A
294,A6712412150037719,"2.서울 성북구 보문로170=성북경찰서(2층)=010-5017-4292","","",A
293,A7232412142247698,경기도 평택시 청북읍 고렴리 728-5,"","",D
275,A1072412131105021,(2):(주)명신기연:경기 화성시 마도면 청원산단3길163,"","",A
274,A6712412121650599,"2.새롬판넬=인천 서구 원당대로245-6(오류동)/032-566-8686","","",D
273,A6712412092233146,"2.밀양시 용평동 792-3/우복식 소장님/낼착 오전7시30분~오전8시30분","","",A
272,A6712412092217130,"2.제일=인천 서구 불로동260-1/당착 오전중","","",A
271,A6712412092125095,"2.금강금속정문=인천 남동구 승기천로 24(남동공단 124블럭 19로트)/당착 오후3시30분~오후4시이전","","",A
270,A6712412092041077,"2.고양시 덕양구 솔밭1길44-3 ,1층(원흥동)","","",D
269,A1022412090101119,일산동구동국로223번길56(성석동169-4),"","",A
268,A6712412082254104,"2.정우도장=남양주시 석실로588(금곡동)/010-4701-1420","","",D
267,A6712412082202063,"2.네추럴웨이2공장=포천시 군내면 용정경제로1길 48-60/010-7118-0863","","",A
266,A6712412081627951,"2.코오롱=구미시 수출대로48(공단동)","","",A
265,A6712412081242766,"2.대광화학=대구 서구 이현동42-226","","",A
264,A6712412081130731,"2.새롬판넬=인천 서구 원당대로 245-6=032-566-8686/오후5시30분이전","","",D
263,A1022412080150678,인천광역시 중구 축항대로296번길 56-41 (신흥동3가42-85)아쿠아씨푸드,"","",A
262,A1022412072338673,경기도 안산시 상록구 충장로6길 14-1 (이동592)새봄푸드,"","",A
261,A6712412061436189,"2.남경유화=대구 서구 상리동31-4(또는 부강케미칼)/곽수택님/010-4130-1160","","",A
260,A6712412052255423,"2.베리굿스톤=하남시 창우동 491-8","","",D
259,A6712412052227415,"2.경기도 고양시 도내동 972(더하이브오피스텔)","","",D
258,A6712412051828292,"2.서울 광진구 중곡동 614-20","","",A
257,A6712412051758246,"2.두원코팅=파주시 월롱면 누현1길 27=010-8736-4980","","",A
256,A6712412051710177,"2.태진=당진시 송악읍 부곡공단4길 28-61/041-430-7031/오후3시이후","","",A
255,A6712412051434684,"2.해성에스티에스=인천 서구 승학로512번길 43(검암동)/032-432-4345/오후5시이전","","",D
254,A6712412051433680,낼착 오전7시30분/2.선광금속=김포시 양촌읍 황금로291번길47=010-2080-1070,"","",A
253,A6712412050917143,"2.이화산업=대구 서구 염색공단천로8길7(비산동)/053-352-7314","","",A
252,A6712412050909112,"2.네추럴웨이2공장=포천시 군내면 용정경제로1길48-60/010-7118-0863","","",A
251,A6712412041929780,"2.안양시 동안구 안양천동로132(호계동)","","",A
250,A6712412041928779,"2.새롬판넬=인천 서구 원당대로245-6(오류동)/032-566-8686","","",D
249,A6712412041857741,"2.목우에이치텍=광주 광산구 오선동 546-7=062-958-7062","","",D
248,A6712412041852735,"2.화신세라믹=인천 서구 정서진로 69/032-572-0404","","",A
247,A6712412041807693,"2.남경유화=대구 서구 상리동31-4(또는 부강케미칼)/010-4130-1160","","",A
246,A6712412041804689,"2.원일화학=대구 서구 장산로226(중리동)/010-2501-5020","","",A
245,A6712412041457347,"2.원동판넬=경기 파주시 광탄면 우랑길 170/031-959-1401","","",D
244,A6712412041451309,"2.대연인터내셔널=아산시 음봉면 월암로306=070-7015-1362","","",D
243,A6712412031810457,"2.하나큐브=인천 서구 오류동434-184/010-5622-9682/낼착 오전8시30분","","",D
242,A1022412030240460,경기도 안산시 단원구 정왕천동로 44 (성곡동727-13)디와이코스,"","",A
241,A1022412030001430,인천광역시 남동구 남동서로270번길 16 (논현동429-16)알티에스,"","",A
240,A6712412022105416,"2.코오롱=구미시 수출대로48(공단동)","","",A
239,A1072412021010730,(2):인산:충북 음성군 금왕읍 내송리 103-1,"","",A
238,A6712412012027348,"2.인천 서구 검단로834,신명아파트)","","",A
237,A6712412011700119,"2.열가마=부천시 원미구 중동1081-1","","",D
236,A6712411301033914,"2.미래하우징=남양주시 이패동 560-8/010-8774-3670","","",D
235,A6712411300946840,"2.양주(강경불고기)양주 장흥면 호국로 568","","",D
234,A6712411300930834,"2.정우산업=남양주시 석실로587(금곡동)/010-4701-1420","","",D
233,A6712411300921825,"2.범영코리아=용인시 기흥구 흥덕중앙로55,1214호(영덕동)/010-8868-2522","","",D
232,A6712411291026248,"2.네추럴웨이2공장=포천시 군내면 용정경제로1길 48-60/010-7118-0863","","",D
231,A1022411290009935,경기도 군포시 공단로140번길 28 (당정동1103)-이동변경(상차지실수기재),"","",A
230,A1022411290009935,인천광역시 남동구 앵고개로556번길 59 (고잔동724-7)영양정공사,"","",A
229,A1022411280008085,인천광역시 남동구 청능대로 345 (고잔동644-14)제이엠씨,"","",A
228,A1022411272358082,경기도 안성시 미양면 제4산단로 99-9(양병리456)지엔티,"","",A
227,A6712411271544765,"2.해성에스티에스=인천 서구 승학로512번길43/032-432-4345/오후5시이전","","",D
226,A6712411271439669,"2.네추럴웨이2공장=포천시 군내면 용정경제로1길 48-60/010-7118-0863","","",A
225,A6712411271113487,"2.노창산업=양주시 평화로1677번길26-22(회정동)/010-5513-4000","","",D
224,A6712411271100455,"2.대우볼트= 당진시 신평면 조비실길16-8/010-3194-1147/오후6시30분이전","","",D
223,A6712411261112408,"2.네추럴웨이2공장=포천시 군내면 용정경제로1길 48-60/010-7118-0863","","",A
222,A6712411251706990,"2.대연인터내셔널=아산시 음봉면 월암로306/070-7015-1333","","",D
221,A6712411251624876,"2.새롬패널=파주시 광탄면 보광로1509-48/031-957-0479/오후3시~오후5시이전","","",D
220,A6712411251106386,"2.현진건재= 구리시 아천동117-8번지 / 031-564-6227","","",D
219,A6712411251105381,"2.대우볼트= 당진시 신평면 조비실길16-8/010-3194-1147/오전10시이전","","",D
218,A6712411242029786,"2.대연인터내셔널=아산시 음봉면 월암로 306/070-7015-1333","","",D
217,A6712411231419444,"2.네추럴웨이2공장=포천시 군내면 용정경제로1길 48-60/010-7118-0863","","",A
216,A6712411231353426,"2.대연인터내셔널=아산시 음봉면 월암로 306/070-7015-1333","","",D
215,A6712411231206377,"2.이화산업=대구 서구 염색공단천로8길7(비산동) / 053-352-7314","","",A
214,A6712411231141360,"2.대우볼트= 당진시 신평면 조비실길16-8 / 010-3194-1147/물건되어있음","","",D
213,A6712411231012313,"2.솜인터내셔널=용인시 처인구 모현읍 곡현로506-2/031-339-1133(내선1번)","","",D
212,A6712411230944284,"2.부국=광주 광산구 하남산단9번로90(안청동)=062-950-7727(이대로 대리님)","","",D
211,A6712411230938274,"2.대광화학=대구 서구 이현동42-226","","",D
210,A6712411230826233,"2.새롬판넬=인천 서구 원당대로245-6 /032-566-8686/오후5시이전","","",D
209,A1072411221121553,(2)엔프라니:인천 중구 축항대로 296번길 88(신흥동3가),"","",A
208,A6712411220929334,"2.태진=당진시 송악읍 부곡공단4길 28-61/041-430-7031/오후6시","","",D
207,A1022411220151144,충청북도 청주시 흥덕구 내거로52번길 19 (서촌동575)태영이엔지,"","",A
206,A1022411220115139,경기도 화성시 동탄대로시범길 236 (청계동513)동탄역 시범리슈빌 아파트404호,"","",A
205,A6712411211612910,"2.원동판넬=파주시 광탄면 우랑길170/031-959-1401/오후4시~오후5시","","",D
204,A6712411211337651,"2.인터콘티넨탈=서울 강남구 테헤란로 521(그랜드인터컨티넨탈)","","",D
203,A6712411211003301,"2.KNP이노텍=광주 광산구 평동산단로 152(월전동)","","",D
202,A6712411210928229,"2.대우볼트= 당진시 신평면 조비실길16-8/010-3194-1147/오후3시이후","","",D
201,A6712411201610937,"2.양주 옥정동 955(양주양주옥정센트럴푸르지오 903동 2204호)","","",A
200,A6712411201539838,"2.현진건재=구리시 아천동117-8번지/031-564-6227","","",D
199,A6712411201500731,"2.대진창고=양산시 상북면 소토리519 / 055-387-4922","","",D
198,A6712411201100434,오후3시이후/2.대우볼트= 당진시 신평면 조비실길16-8(경비실)/010-3194-1147,"","",D
197,A6712411201029346,서초(르피에드)=서울 서초구 강남대로 55길 24(서초동),"","",D
196,A6712411191555855,"2.노창산업=양주시 평화로1677번길26-22/010-5513-4000","","",D
195,A6712411191551842,"2.스틸앙카=시흥시 대야동 147-5번지/031-312-4257","","",D
194,A6712411191545805,"2.KNP이노텍=광주 광산구 평동산단로152(월전동) /010-8397-7312","","",D
193,A6712411191455677,"2.피에스테크=괴산군 괴산읍 대제산단2길5/043-877-9701","","",D
192,A1022411190128039,경기도 김포시 하성면 석평로 102(석탄리626-9)2물류,"","",D
191,A6712411181700939,"2.칠곡(에스지케미칼)=경북 칠곡 왜관읍 강창2길 18=010-8596-3985","","",D
190,A6712411181554799,오전9시30분/2.거승철강=인천 서구 봉수대로1447(오류동)/032-564-3300,"","",D
189,A6712411181546761,"2.태진스틸= 안산시 단원구 목내동 505-10 / 031-508-2225","","",D
188,A6712411181540731,"2.네추럴웨이2공장=포천시 군내면 용정경제로1길 48-60/010-7118-0863","","",A
187,A1022411180329938,오산시가장동388-4(가장산업북로40-37) 이미인,"","",A
186,A1022411172232903,경기도 안양시 동안구 경수대로707번길 39 (호계동923-21) 신성호계미소지움아파트102동1204호,최은희,"",D
185,A1022411172232903,경기도 안양시 동안구 귀인로 294 (평촌동933-7)꿈마을건영3차아파트301동1804호,최승진/권아름,"",D
184,A1022411172205894,경기도 화성시 정남면 정남동로 352-17(망월리314-3)유앤아이글로벌,"","",A
183,A1022411171639853,덕양구 원당로392번길5(원당동372-1)   (주)디엔비,"","",A
182,A6712411171552846,"2.경성산업개발=양주시 남면 입암리 408-5(서현자동차 검사소 뒤쪽)","","",D
181,A6712411162048730,인천 중구 영종순환로 900번길30 아레나스 영종1층 86 B6/032-752-9751,"","",D
180,A6712411161626652,"2.네추럴웨이1공장=포천시 해룡로 83-135(설운동) / 010-8926-9974/당착","","",A
178,A6712411161027548,상차2=네추럴웨이1공장)=포천시 해룡로 83-135 / 010-8926-9974,"","",D
177,A6712411160815466,"2.원동판넬=경기도 파주시 광탄면 우랑길170 /031-959-1401/오후5시~오후6시","","",D
176,A6712411152114407,"2.성훈경금속=안산시 단원구 해봉로255번길 35/010-2998-1859","","",D
175,A6712411151033763,오후/2.대우볼트=당진시 신평면 조비실길16-8/010-3194-1147(경비실에 물건있음),"","",D
174,A6712411151010687,"2.새롬판넬=인천 서구 원당대로 245-6=032-566-8686","","",D
173,A1022411150149425,인천광역시 서구 백범로 633 (가좌동530-1)미성,"","",A
172,A1022411150149425,경기도 군포시 공단로140번안길 29 (당정동174-5)씨앤에프2공장,"","",A
171,A6712411141551231,"2.부국철강=광주 광산구 하남산단9번로90(안청동)/062-950-7727","","",D
170,A6712411141508173,"2.네추럴웨이2공장=포천시 군내면 용정경제로1길48-60/010-7118-0863","","",D
169,A6712411141052944,"2.대연인터내셔널=아산시 음봉면 월암로306=070-7015-1333","","",D
168,A1072411140927805,(2):디케이앤디:경기도 안산시 단원구 별망로 345(성곡3동)(3빠렛트),"","",A
167,A6712411140859666,"2.용인시 처인구 유방동376-2/010-4397-6123(김환동대표님)","","",D
166,A6712411140837621,"2.새롬판넬=인천 서구 원당대로245-6 /오후5시30분이전","","",D
165,A6712411130954943,"2.새롬패널=파주시 광탄면 보광로1509-48/031-957-0479","","",D
164,A1072411130939883,(2):동일산업사:경기도 시흥시 옥구서천로 81번길 70(정왕동),"","",D
163,A6712411130907757,"2.지붕과벽=인천 서구 검암동662-17/032-569-3144","","",D
162,A6712411121458337,"2.고양시 덕양구 솔밭1길44-3(원흥동) ,1층/당착","","",A
161,A6712411121114143,"2.현대면세점토산하역장=중구 장충단로275 ,지하4층/010-8653-5494","","",D
160,A1072411120932892,디케이앤디:경기도 안산시 단원구 별망로 345(성곡3동)(3빠렛트),"","",D
159,A6712411111537430,"2.원동판넬=파주시 광탄면 우랑길 170=031-959-1401=오후6시 이전","","",D
158,A6712411111518366,"2.네추럴웨이2공장=포천시 군내면 용정경제로1길 48-60/010-7118-0863","","",A
157,A6712411111228090,"2.남동창고=인천 남동구 남동대로61(고잔동),송도 넘어가는 고가옆쪽으로 300m직진","","",D
156,A6712411111227089,"2.남경유화=대구 서구 상리동31-4/010-4130-1160","","",D
155,A6712411111052981,"2.에코플러스=화성시 향남읍 은행나무로618-6/010-5730-7099","","",A
154,A1022411110304552,부산광역시 강서구 맥도길117번길 6 (대저2동6256),"","",A
153,A1022411110227538,경기도 광주시 초월읍 현산로 341-57(지월리603-12)베네지아광주창고,"","",D
152,A1022411090001166,부산서구원양로171(암남동731)  참손푸드,"","",A
151,A6712411081240690,"2.네추럴웨이2공장=포천시 군내면 용정경제로1길 48-60/010-7118-0863","","",A
150,A1072411081113641,(향남공인계량소):화성시 향남읍 발안로 683(갈천리 226-9),"","",D
149,A1072411080932520,경기 화성시 양감면 사릅재길131-15(1빠렛트),"","",A
148,A1072411080929516,"경기도 안산시 단원구 만해로230번길18,1층(성곡동,반월공단604블럭14호)","","",A
147,A6712411061346724,"2.네추럴웨이2공장=포천시 군내면 용정경제로1길 48-60/010-7118-0863","","",D
146,A6712411051538979,"2.대연인터내셔널=아산시 음봉면 월암로 306/070-7015-1333","","",D
145,A6712411050838297,"2.정우산업=남양주시 석실로587(금곡동64)/010-4701-1420","","",D
144,A6712411041426820,"2.원일화학=대구 서구 장산로226(중리동)/053-563-4747","","",D
143,A6712411041335734,"2.대성건설=인천 중구 운남동1709-1","","",A
142,A6712411041245672,"2.명진씨투=양주시 광적면 석우리 464-50/031-855-2300/오후4시이전","","",D
141,A6712411041229658,"2.해원에스티=광주 광산구 오선동 546-7=062-958-7061","","",D
139,A6712411040945333,"2.은평=불광중학교","","",D
138,A1022411040230981,인천광역시 남동구 앵고개로 516 (고잔동720-6)엔타스프레쉬미트,"","",A
137,A1022411030119845,김포시 대곶면 율마로,"","",A
136,A6712411022135829,"2.인천 중구 공항동로 296번길 자유무역지역 공항물류단지AMB F1-4(쉥커창고)","","",A
135,A6712411022134828,"2.대연인터내셔널=아산시 음봉면 월암로 306=070-7015-1333","","",D
134,A1022411010034430,경기도 용인시 처인구 백암면 근곡로107번길 26-9(가좌리90-6)미래통운,"","",A
133,A1022410310014282,경기도 파주시 월롱면 통일로644번길 57(영태리383-26)조민,"","",D
131,A6712410291419819,"2.해원에스티=광주 광산구 오선동 546-7","","",D
130,A1022410270240803,덕양구 원당로392번길5(원당동372-1)   (주)디엔비,"","",A
129,A1022410270041783,경기도 시흥시 밭뒤길 34 (매화동11-21)베네지아,"","",D
128,A1022410240139576,충청남도 서산시 지곡면 무장산업로 263-12(무장리1728)듀링서산공장,"","",A
127,A1022410230034357,충청북도 청주시 서원구 남이면 부용외천2길 9-29(부용외천리178-15)삼부,"","",A
126,A1022410230000349,경기도 하남시 산곡동로86번길 36 (하산곡동277-1)물샘,"","",A
125,A1022410222324340,경기도 시흥시 서해안로78번길 36 (정왕동1695-3)엠지엠월드,"","",A
124,A1022410180323162,충청남도 예산군 오가면 분천안길 30(분천리14-1)부림농원,이은임대표,"",A
123,A1022410160126336,충청북도 청주시 서원구 청남로 2108 (수곡동81-17)나무그늘,"","",A
122,A1022410150250342,경기도 고양시 일산동구 장대길 106-71 (장항동561-9)은성깍지,"","",D
121,A1022410111652847,경기도 오산시 가장산업서로 56-24 (가장동392-1)엔코스 검수,"","",A
120,A1022410111610744,경기도 화성시 장안면 장안로 480-108(독정리276-43) 제이에셀,"","",A
119,A1022410111517672,포천 군내면 용정경제로 1길 56(용정리 484-3)청우식품,"","",A
118,A1022410040224902,강원도고성군죽왕면송지호로15-22(오호리278-30)드림바이오즈,"","",A
117,A1022410080818517,경기도 용인시 처인구 백암면 박곡로216번길 20-62(박곡리5-2)상촌식품,"","",A
116,A1022410080421419,충청북도 청주시 서원구 가장로355번길 105 (장암동360-12)소니가,"","",A
115,A1022410070118239,경기도 파주시 조리읍 당재봉로 42(오산리399-8)한마루패키지,"","",D
114,A1022410062243211,경기도 평택시 청북읍 청북중앙로 443(고잔리631-16) 더팩,"","",A
113,A1022410062013188,울산광역시 남구 봉월로67번길 3 (신정동1902)협성 휴포레,"","",A
112,A1022410051241970,김제시백구면학동로167(학동리542-11)태양상사 ,"","",A
111,A1022410050214924,대구광역시 달성군 논공읍 논공로 4379(본리리29-52),"","",A
110,A1022410020049794,경기도 파주시 월롱면 통일로644번길 57(영태리383-26)조민하차-상차,"","",D
109,A1022410011336655,경기도 광명시 사들로 55-10 (노온사동532-4),"","",A
108,A1022409300114154,인천광역시 남동구 앵고개로 516 (고잔동720-6)엔타스프레쉬미트,"","",A
107,A1022409300023149,경기도 양주시 백석읍 부흥로1000번길 100-55(방성리66),"","",A
106,A1022409291814082,인천계양구계양산로102번길9(계산동906)인천계산동시니어클럽,"","",A
105,A1022409282326983,충청북도 음성군 감곡면 음성로 2354-6(주천리108-45)남선푸드,"","",A
104,A1022409282243976,경기도 평택시 진위면 동부대로 56(가곡리126-1) 고려포장,"","",A
103,A1022409281543928,충남 보령시 대해로425-21(요암동63)  대천김,"","",A
102,A1022409252006122,"2물류/경기도 김포시 하성면 석평로 102","","",D
101,A1022409241054815,전북특별자치도 군산시 공항로 506 (개사동678-2)홍익,"","",A
99,A1022409181744266,경기도 평택시 청북읍 청북서로 35(고잔리510-13),"","",A
98,A1022409171958053,경기도 광주시 퇴촌면 매내미길9번길 22-26(우산리294),"","",A
97,A1022409090806754,경기도 고양시 일산서구 덕산로244번길 53 (덕이동1288-3) 대성패키지,"","",D
96,A1022409090123708,경기도 이천시 백사면 이여로 196-25(모전리5-1)한일식품,"","",A
95,A1022409090113707,인천광역시 남동구 앵고개로 516 (고잔동720-6)엔타스프레쉬미트,"","",A
94,A1022409090049704,경기도 하남시 고골로262번길 123 (항동385-1)제이제이통상,"","",A
93,A1022409090030702,경기도 파주시 탄현면 축현산단로 56-18 (축현리946)클라임테크,"","",D
92,A1022409082144668,용인시원삼면죽양대로79,"","",A
91,A1022409082134664,경기도 김포시 하성면 석평로 102(석탄리661)2물류,"","",D
90,A1022409081917645,경주시석장동1272  화랑마을 인공암벽장 ,"","",A
89,A1022409070411325,김포시 대곶면율마로,"","",A
88,A1022409070355320,경기도 화성시 양감면 초록로532번길 61(사창리195-4)우주,"","",A
87,A1022409070129298,인천광역시 남동구 남동서로23번길 78 (고잔동700-6),"","",A
86,A1022409070129298,인천광역시 남동구 청능대로448번길 50 (고잔동650-6),"","",A
85,A1022409070104297,경기도 화성시 마도면 마도로 747-31(쌍송리266-5)조인트크린에어나노,윤봉삼,"",A
84,A1022409070040293,경기도 용인시 기흥구 신고매로 62 (고매동산41-7)기흥이케아,"","",A
83,A1022409052049461,오산시가장산업서북로40-26(가장동387-4)이지코스텍,"","",A
82,A1022409032341703,경기도 김포시 양촌읍 학운산단2로 27(학운리3351)코스나인,"","",A
81,A1022408311423599,서울특별시 영등포구 경인로 846 (영등포동618-496)롯데백화점,"","",A
80,A1022408311215573,경기도 파주시 문산읍 돈유3로 93(선유리1373-12)케이티솔루션2공장,"","",D
79,A1022408301655443,강원특별자치도 횡성군 둔내면 덕송로 160(현천리1600-6)하나코스,"","",A
78,A1022408250226360,경기도 포천시 군내면 용정경제로1길 56(용정리484-3),"","",A
77,A1022408230134430,경기도 용인시 기흥구 탑실로35번길 20 (공세동704-7)선인,"","",A
76,A1022408230022426,/김포시하성면석탄리626-9(석평로102)2물류,"","",A
75,A1022408221953404,아산시 인주면무원리,"","",A
74,A1022408221911396,경기도 안성시 고삼면 군내길 22-67(대갈리81-21) 대성패키지031-671-0681,김영훈대리,"",D
73,A1022408200114462,경기도 화성시 마도면 청원로231번길 62-6(청원리681-1),"","",A
71,A1022408200052461,경기도 시흥시 엠티브이25로20번길 3 (정왕동2662-9)신화콘텍,"","",A
70,A1022408112024454,경기도 양주시 어하고개로 135-39 (삼숭동1-7),"","",A
69,A1022408112013449,경기도 시흥시 박달로 14 (논곡동96),"","",A
68,A1022408081711460,경기도 평택시 진위면 동부대로 56(가곡리126-1) 고려포장,"","",A
67,A1022408080917945,경기도 화성시 동탄물류로 69 (신동706)광동제약물류센터,"","",A
66,A1022408072344791,경기도 화성시 팔탄면 온천로 122-34(덕우리202-5),남궁청,"",A
65,A1022408070733184,서울특별시 서초구 헌릉로8길 22 (신원동568)서초포레스타3단지308동803호,김영석,"",A
64,A1022408062342118,청주시청원구북이면용계3길21-17(석성리16-1),제이앤에이치테크 ,"",A
62,A1022408042346438,경기도 화성시 장안면 장안로 480-108 제이에셀,김지연,"",A
61,A1022408041750397,경기도 용인시 처인구 백암면 덕평로 184(가창리392-1)오뚜기물류서비스 용인안전,"","",A
60,A1022408040133323,인천광역시 남동구 남동동로33번길 28-41 (고잔동716-1)지원피앤씨,"","",A
59,A1022408031430267,경기도 남양주시 화도읍 폭포로242번안길 20-11(장현리169-16)솜씨협동조합,"","",A
57,A1022408011220364,경기도 성남시 중원구 둔촌대로457번길 13 (상대원동305)샤니,"","",A
56,A1022407300024736,경기도 하남시 춘궁로 181 (상사창동47)뉴오케이,"","",A
55,A1022407290153090,이천시마장면덕평리,"","",A
54,A1022407290145089,경기도 김포시 하성면 석평로 102(석탄리626-9),"","",D
53,A1022407280232945,경기도 군포시 번영로 82 (부곡동1231)C-1동,"","",A
52,A1022407280022930,전라남도 광양시 광양읍 율촌포스코미래로 45,최영훈대리,"",A
51,A1022407271229882,경기도 김포시 대곶면 종생로50번길 21-66(율생리245-10),조병연,"",D
50,A1022407270148813,광양시 광양읍 용강리658,"","",D
49,A1022407262349799,경기도 시흥시 옥구천서로237번길 39 (정왕동1244-7),"","",A
48,A1022407262226796,인천광역시 남동구 앵고개로 516 (고잔동720-6)엔타푸레쉬미트,"","",A
47,A1022407262217794,용인원삼면사암리809-13(동부로1130)유엔씨,"","",D
46,A1022407262103786,문산읍돈유3로93(선유리1373-12)케이티솔루션2공장,"","",D
45,A1022407230102905,변경주소/인천남동서로270번길54(논현동429-3) 에스테르,"","",A
44,A1022407150035195,화성시장안로480-108(독정리276-43)제이에셀,"","",A
43,A1022407142348191,포천 군내면 용정경제로 1길 56/ 용정리 484-3 청우식품,"","",A
42,A12407111444091,인천 중구 자유무역로107번길20 공항물류단지 H1블럭1층 111호,"","",D
41,A1022407051841525,송파대로345(가락동913) 헬리오시티313동404호,김덕형,"",A
40,A1022407031450804,서울특별시 영등포구 영등포로 150 (당산동1가),"","",A
39,A5162407010945988,서부 농수산물시장 두레청과 과일동  01040862666  과일 2빠레트,"","",D
37,A6572406061600503,유성화학,"","",D
36,A5822406041155204,인천 석남동,"","",A
35,A5822404121022373,부산 토성동,"","",D
34,A5822404120905059,인천 도화동,"","",A
33,A3582403181352729,충청북도 진천군 이월면 월촌1길 117,"","",A
31,A5692402271607851,청주시 서원구 남이면,"","",A
30,A5692402151518817,청주 오송읍,"","",D
29,A12402061319758,경기도 안산시 단원구 초지동 743-9번지,임학준 소장,"",A
28,A12402060914600,금정구 부산대학로 63번길 2 경암체육관,김용규대표님,"",D
27,A12402051610415,전남 나주시 왕곡면 혁신산단3길 59 /이엔테크 ,"","",D
26,A12402050844018,전남 나주시 왕곡면 혁신산단3길 59 / 이엔테크 ,"","",D
25,A622402051006101,태형/전북특별자치도 완주군 봉동읍 완주산단2로 251(후문),"","",D
24,A622402050915046,경기도 시흥시 마유로82번길 95 (정왕동),"","",D
23,A12402041840994,구리시 인창동 266-1 ,"","",D
22,A12402011201528,서울 강서구 마곡서로 133,"","",A
21,A12401310949328,남양주시 진건읍 진관리 665-10 남씨철물,"","",D
20,A12401300921190,인천시 서구 완정로 43 마전프라자 4층 / 하이앤학원,데코타일 사장님,"",A
19,A12401250930878,광주 서구 상무누리로 30 김대중컨벤션센터 1전시장 /오후3시하차 ,"","",A
17,A12401231923746,부산 금정구 개좌로 273-20,우상우대표님,"",A
16,A12401221442624,서울 중구 퇴계로 173 7층,서수진주무관님,"",A
15,A12401180827303,강릉시 대전동 135-11,김현길과장,"",A
14,A12401111040728,경기 김포시 하성면 오정동로20-19(석탄리662-3) 주주산업 010-546-20792 ,"","",D
13,A12401021158121,경기도 성남시 수정구 태평동 7319-19 DSK,김두선 사장님,"",A
12,A12312210848368,김포시 고촌읍  김포대로 350,"","",D
11,A12312181543961,경기도 고양시 덕양구 내유동 255,"","",D
10,A12312070831811,부산 연제구 거제시장로22번길  16  / 부산 강서구 유통단지1로 97번길 11 서부철강단지 119동,"","",D
9,"1231011133732748",경기 이천시 부발읍 죽당리 172-51,"","",D
8,"1231010101906750",서울시 종로구 율곡로 75 현대빌딩,김현욱 실장,"",A
5,"1230920094553416",화성시 동탄순환대로 127-9 우성에비뉴 5층 수학의길 ,전기 이형준반장님,"",A
4,"1230918185459393","부산 금정구 개좌로 273-20 (회동동, 브이원타워)",우상우대표님,"",A
3,"1230918154537517",전남 장성군 북하면 신성리 444,"","",A
2,"1230907171824327",경기 광주시 도척면 마도로139-34,동방테크,"",D
1,"1230907104819623","경남 양산시 어곡공단2길 48 (2층) [어곡동 871-12, 2층]","","",D
